<?xml version="1.0" encoding="UTF-8"?>
<project-private xmlns="http://www.netbeans.org/ns/project-private/1">
    <editor-bookmarks xmlns="http://www.netbeans.org/ns/editor-bookmarks/2" lastBookmarkId="0"/>
    <open-files xmlns="http://www.netbeans.org/ns/projectui-open-files/2">
        <group>
            <file>file:/C:/Users/Estoi/OneDrive/Documentos/NetBeansProjects/Blackjack/src/blackjack/Carta.java</file>
            <file>file:/C:/Users/Estoi/OneDrive/Documentos/NetBeansProjects/Blackjack/src/blackjack/Jogador.java</file>
            <file>file:/C:/Users/Estoi/OneDrive/Documentos/NetBeansProjects/Blackjack/src/blackjack/ValorCarta.java</file>
            <file>file:/C:/Users/Estoi/OneDrive/Documentos/NetBeansProjects/Blackjack/src/blackjack/JogadorCONSOLE.java</file>
            <file>file:/C:/Users/Estoi/OneDrive/Documentos/NetBeansProjects/Blackjack/src/blackjack/Blackjack.java</file>
            <file>file:/C:/Users/Estoi/OneDrive/Documentos/NetBeansProjects/Blackjack/src/blackjack/Deck.java</file>
            <file>file:/C:/Users/Estoi/OneDrive/Documentos/NetBeansProjects/Blackjack/src/blackjack/Mesa.java</file>
        </group>
    </open-files>
</project-private>
